Iterações,Avaliações,Epsilon,|log(eps)|
0,56,50.0,3.912023005428146
1,112,42.26877861364516,3.7440487192865035
